,action_name,action,reward,episode reward,epoch reward,total reward,lives,end of episode,end of epoch,info,episode,episode step,epoch,epoch step,step,action 0 episode sum,action 0 total sum,action 1 episode sum,action 1 total sum,action 2 episode sum,action 2 total sum
1,UP,1,1.0,1.0,1.0,1.0,0,False,False,{'ale.lives': 0},1,1,1,1,1,0,0,1,1,0,0
2,DOWN,2,-0.5,0.5,0.5,0.5,0,False,False,{'ale.lives': 0},1,2,1,2,2,0,0,1,1,1,1
3,NOOP,0,0.0,0.5,0.5,0.5,0,False,False,{'ale.lives': 0},1,3,1,3,3,1,1,1,1,1,1
4,NOOP,0,0.0,0.5,0.5,0.5,0,False,False,{'ale.lives': 0},1,4,1,4,4,2,2,1,1,1,1
5,NOOP,0,0.0,0.5,0.5,0.5,0,False,False,{'ale.lives': 0},1,5,1,5,5,3,3,1,1,1,1
6,NOOP,0,0.0,0.5,0.5,0.5,0,False,False,{'ale.lives': 0},1,6,1,6,6,4,4,1,1,1,1
7,DOWN,2,-0.5,0.0,0.0,0.0,0,False,False,{'ale.lives': 0},1,7,1,7,7,4,4,1,1,2,2
8,DOWN,2,-0.5,-0.5,-0.5,-0.5,0,False,False,{'ale.lives': 0},1,8,1,8,8,4,4,1,1,3,3
9,UP,1,1.0,0.5,0.5,0.5,0,False,False,{'ale.lives': 0},1,9,1,9,9,4,4,2,2,3,3
10,NOOP,0,0.0,0.5,0.5,0.5,0,False,False,{'ale.lives': 0},1,10,1,10,10,5,5,2,2,3,3
11,DOWN,2,-0.5,0.0,0.0,0.0,0,False,False,{'ale.lives': 0},1,11,1,11,11,5,5,2,2,4,4
12,UP,1,1.0,1.0,1.0,1.0,0,False,False,{'ale.lives': 0},1,12,1,12,12,5,5,3,3,4,4
13,UP,1,1.0,2.0,2.0,2.0,0,False,False,{'ale.lives': 0},1,13,1,13,13,5,5,4,4,4,4
14,DOWN,2,-0.5,1.5,1.5,1.5,0,False,False,{'ale.lives': 0},1,14,1,14,14,5,5,4,4,5,5
15,NOOP,0,0.0,1.5,1.5,1.5,0,False,False,{'ale.lives': 0},1,15,1,15,15,6,6,4,4,5,5
16,UP,1,1.0,2.5,2.5,2.5,0,False,False,{'ale.lives': 0},1,16,1,16,16,6,6,5,5,5,5
17,UP,1,1.0,3.5,3.5,3.5,0,False,False,{'ale.lives': 0},1,17,1,17,17,6,6,6,6,5,5
18,DOWN,2,-0.5,3.0,3.0,3.0,0,False,False,{'ale.lives': 0},1,18,1,18,18,6,6,6,6,6,6
19,DOWN,2,-0.5,2.5,2.5,2.5,0,False,False,{'ale.lives': 0},1,19,1,19,19,6,6,6,6,7,7
20,UP,1,1.0,3.5,3.5,3.5,0,False,False,{'ale.lives': 0},1,20,1,20,20,6,6,7,7,7,7
21,DOWN,2,-0.5,3.0,3.0,3.0,0,False,False,{'ale.lives': 0},1,21,1,21,21,6,6,7,7,8,8
22,UP,1,1.0,4.0,4.0,4.0,0,False,False,{'ale.lives': 0},1,22,1,22,22,6,6,8,8,8,8
23,UP,1,1.0,5.0,5.0,5.0,0,False,False,{'ale.lives': 0},1,23,1,23,23,6,6,9,9,8,8
24,UP,1,1.0,6.0,6.0,6.0,0,False,False,{'ale.lives': 0},1,24,1,24,24,6,6,10,10,8,8
25,NOOP,0,0.0,6.0,6.0,6.0,0,False,False,{'ale.lives': 0},1,25,1,25,25,7,7,10,10,8,8
26,DOWN,2,-0.5,5.5,5.5,5.5,0,False,False,{'ale.lives': 0},1,26,1,26,26,7,7,10,10,9,9
27,UP,1,1.0,6.5,6.5,6.5,0,False,False,{'ale.lives': 0},1,27,1,27,27,7,7,11,11,9,9
28,UP,1,1.0,7.5,7.5,7.5,0,False,False,{'ale.lives': 0},1,28,1,28,28,7,7,12,12,9,9
29,UP,1,1.0,8.5,8.5,8.5,0,False,False,{'ale.lives': 0},1,29,1,29,29,7,7,13,13,9,9
30,UP,1,1.0,9.5,9.5,9.5,0,False,False,{'ale.lives': 0},1,30,1,30,30,7,7,14,14,9,9
31,UP,1,1.0,10.5,10.5,10.5,0,False,False,{'ale.lives': 0},1,31,1,31,31,7,7,15,15,9,9
32,NOOP,0,0.0,10.5,10.5,10.5,0,False,False,{'ale.lives': 0},1,32,1,32,32,8,8,15,15,9,9
33,UP,1,1.0,11.5,11.5,11.5,0,False,False,{'ale.lives': 0},1,33,1,33,33,8,8,16,16,9,9
34,UP,1,1.0,12.5,12.5,12.5,0,False,False,{'ale.lives': 0},1,34,1,34,34,8,8,17,17,9,9
35,UP,1,1.0,13.5,13.5,13.5,0,False,False,{'ale.lives': 0},1,35,1,35,35,8,8,18,18,9,9
36,NOOP,0,0.0,13.5,13.5,13.5,0,False,False,{'ale.lives': 0},1,36,1,36,36,9,9,18,18,9,9
37,UP,1,1.0,14.5,14.5,14.5,0,False,False,{'ale.lives': 0},1,37,1,37,37,9,9,19,19,9,9
38,UP,1,1.0,15.5,15.5,15.5,0,False,False,{'ale.lives': 0},1,38,1,38,38,9,9,20,20,9,9
39,UP,1,1.0,16.5,16.5,16.5,0,False,False,{'ale.lives': 0},1,39,1,39,39,9,9,21,21,9,9
40,UP,1,1.0,17.5,17.5,17.5,0,False,False,{'ale.lives': 0},1,40,1,40,40,9,9,22,22,9,9
41,UP,1,1.0,18.5,18.5,18.5,0,False,False,{'ale.lives': 0},1,41,1,41,41,9,9,23,23,9,9
42,UP,1,1.0,19.5,19.5,19.5,0,False,False,{'ale.lives': 0},1,42,1,42,42,9,9,24,24,9,9
43,UP,1,1.0,20.5,20.5,20.5,0,False,False,{'ale.lives': 0},1,43,1,43,43,9,9,25,25,9,9
44,UP,1,1.0,21.5,21.5,21.5,0,False,False,{'ale.lives': 0},1,44,1,44,44,9,9,26,26,9,9
45,UP,1,1.0,22.5,22.5,22.5,0,False,False,{'ale.lives': 0},1,45,1,45,45,9,9,27,27,9,9
46,UP,1,1.0,23.5,23.5,23.5,0,False,False,{'ale.lives': 0},1,46,1,46,46,9,9,28,28,9,9
47,UP,1,1.0,24.5,24.5,24.5,0,False,False,{'ale.lives': 0},1,47,1,47,47,9,9,29,29,9,9
48,UP,1,1.0,25.5,25.5,25.5,0,False,False,{'ale.lives': 0},1,48,1,48,48,9,9,30,30,9,9
49,UP,1,1.0,26.5,26.5,26.5,0,False,False,{'ale.lives': 0},1,49,1,49,49,9,9,31,31,9,9
50,UP,1,1.0,27.5,27.5,27.5,0,False,False,{'ale.lives': 0},1,50,1,50,50,9,9,32,32,9,9
51,UP,1,1.0,28.5,28.5,28.5,0,False,False,{'ale.lives': 0},1,51,1,51,51,9,9,33,33,9,9
52,UP,1,1.0,29.5,29.5,29.5,0,False,False,{'ale.lives': 0},1,52,1,52,52,9,9,34,34,9,9
53,UP,1,1.0,30.5,30.5,30.5,0,False,False,{'ale.lives': 0},1,53,1,53,53,9,9,35,35,9,9
54,UP,1,1.0,31.5,31.5,31.5,0,False,False,{'ale.lives': 0},1,54,1,54,54,9,9,36,36,9,9
55,UP,1,1.0,32.5,32.5,32.5,0,False,False,{'ale.lives': 0},1,55,1,55,55,9,9,37,37,9,9
56,UP,1,1.0,33.5,33.5,33.5,0,False,False,{'ale.lives': 0},1,56,1,56,56,9,9,38,38,9,9
57,UP,1,1.0,34.5,34.5,34.5,0,False,False,{'ale.lives': 0},1,57,1,57,57,9,9,39,39,9,9
58,UP,1,1.0,35.5,35.5,35.5,0,False,False,{'ale.lives': 0},1,58,1,58,58,9,9,40,40,9,9
59,UP,1,1.0,36.5,36.5,36.5,0,False,False,{'ale.lives': 0},1,59,1,59,59,9,9,41,41,9,9
60,UP,1,1.0,37.5,37.5,37.5,0,False,False,{'ale.lives': 0},1,60,1,60,60,9,9,42,42,9,9
61,UP,1,1.0,38.5,38.5,38.5,0,False,False,{'ale.lives': 0},1,61,1,61,61,9,9,43,43,9,9
62,UP,1,1.0,39.5,39.5,39.5,0,False,False,{'ale.lives': 0},1,62,1,62,62,9,9,44,44,9,9
63,UP,1,1.0,40.5,40.5,40.5,0,False,False,{'ale.lives': 0},1,63,1,63,63,9,9,45,45,9,9
64,UP,1,1.0,41.5,41.5,41.5,0,False,False,{'ale.lives': 0},1,64,1,64,64,9,9,46,46,9,9
65,UP,1,1.0,42.5,42.5,42.5,0,False,False,{'ale.lives': 0},1,65,1,65,65,9,9,47,47,9,9
66,UP,1,1.0,43.5,43.5,43.5,0,False,False,{'ale.lives': 0},1,66,1,66,66,9,9,48,48,9,9
67,UP,1,1.0,44.5,44.5,44.5,0,False,False,{'ale.lives': 0},1,67,1,67,67,9,9,49,49,9,9
68,UP,1,1.0,45.5,45.5,45.5,0,False,False,{'ale.lives': 0},1,68,1,68,68,9,9,50,50,9,9
69,UP,1,1.0,46.5,46.5,46.5,0,False,False,{'ale.lives': 0},1,69,1,69,69,9,9,51,51,9,9
70,UP,1,1.0,47.5,47.5,47.5,0,False,False,{'ale.lives': 0},1,70,1,70,70,9,9,52,52,9,9
71,UP,1,1.0,48.5,48.5,48.5,0,False,False,{'ale.lives': 0},1,71,1,71,71,9,9,53,53,9,9
72,UP,1,1.0,49.5,49.5,49.5,0,False,False,{'ale.lives': 0},1,72,1,72,72,9,9,54,54,9,9
73,UP,1,1.0,50.5,50.5,50.5,0,False,False,{'ale.lives': 0},1,73,1,73,73,9,9,55,55,9,9
74,UP,1,1.0,51.5,51.5,51.5,0,False,False,{'ale.lives': 0},1,74,1,74,74,9,9,56,56,9,9
75,UP,1,1.0,52.5,52.5,52.5,0,False,False,{'ale.lives': 0},1,75,1,75,75,9,9,57,57,9,9
76,UP,1,1.0,53.5,53.5,53.5,0,False,False,{'ale.lives': 0},1,76,1,76,76,9,9,58,58,9,9
77,UP,1,1.0,54.5,54.5,54.5,0,False,False,{'ale.lives': 0},1,77,1,77,77,9,9,59,59,9,9
78,UP,1,1.0,55.5,55.5,55.5,0,False,False,{'ale.lives': 0},1,78,1,78,78,9,9,60,60,9,9
79,UP,1,1.0,56.5,56.5,56.5,0,False,False,{'ale.lives': 0},1,79,1,79,79,9,9,61,61,9,9
80,UP,1,1.0,57.5,57.5,57.5,0,False,False,{'ale.lives': 0},1,80,1,80,80,9,9,62,62,9,9
81,UP,1,1.0,58.5,58.5,58.5,0,False,False,{'ale.lives': 0},1,81,1,81,81,9,9,63,63,9,9
82,UP,1,1.0,59.5,59.5,59.5,0,False,False,{'ale.lives': 0},1,82,1,82,82,9,9,64,64,9,9
83,UP,1,1.0,60.5,60.5,60.5,0,False,False,{'ale.lives': 0},1,83,1,83,83,9,9,65,65,9,9
84,UP,1,1.0,61.5,61.5,61.5,0,False,False,{'ale.lives': 0},1,84,1,84,84,9,9,66,66,9,9
85,UP,1,1.0,62.5,62.5,62.5,0,False,False,{'ale.lives': 0},1,85,1,85,85,9,9,67,67,9,9
86,UP,1,1.0,63.5,63.5,63.5,0,False,False,{'ale.lives': 0},1,86,1,86,86,9,9,68,68,9,9
87,UP,1,1.0,64.5,64.5,64.5,0,False,False,{'ale.lives': 0},1,87,1,87,87,9,9,69,69,9,9
88,UP,1,1.0,65.5,65.5,65.5,0,False,False,{'ale.lives': 0},1,88,1,88,88,9,9,70,70,9,9
89,UP,1,1.0,66.5,66.5,66.5,0,False,False,{'ale.lives': 0},1,89,1,89,89,9,9,71,71,9,9
90,UP,1,1.0,67.5,67.5,67.5,0,False,False,{'ale.lives': 0},1,90,1,90,90,9,9,72,72,9,9
91,UP,1,1.0,68.5,68.5,68.5,0,False,False,{'ale.lives': 0},1,91,1,91,91,9,9,73,73,9,9
92,UP,1,1.0,69.5,69.5,69.5,0,False,False,{'ale.lives': 0},1,92,1,92,92,9,9,74,74,9,9
93,UP,1,1.0,70.5,70.5,70.5,0,False,False,{'ale.lives': 0},1,93,1,93,93,9,9,75,75,9,9
94,UP,1,1.0,71.5,71.5,71.5,0,False,False,{'ale.lives': 0},1,94,1,94,94,9,9,76,76,9,9
95,UP,1,1.0,72.5,72.5,72.5,0,False,False,{'ale.lives': 0},1,95,1,95,95,9,9,77,77,9,9
96,UP,1,1.0,73.5,73.5,73.5,0,False,False,{'ale.lives': 0},1,96,1,96,96,9,9,78,78,9,9
97,UP,1,1.0,74.5,74.5,74.5,0,False,False,{'ale.lives': 0},1,97,1,97,97,9,9,79,79,9,9
98,UP,1,1.0,75.5,75.5,75.5,0,False,False,{'ale.lives': 0},1,98,1,98,98,9,9,80,80,9,9
99,UP,1,1.0,76.5,76.5,76.5,0,False,False,{'ale.lives': 0},1,99,1,99,99,9,9,81,81,9,9
100,UP,1,1.0,77.5,77.5,77.5,0,False,False,{'ale.lives': 0},1,100,1,100,100,9,9,82,82,9,9
101,UP,1,1.0,78.5,78.5,78.5,0,False,False,{'ale.lives': 0},1,101,1,101,101,9,9,83,83,9,9
102,UP,1,1.0,79.5,79.5,79.5,0,False,False,{'ale.lives': 0},1,102,1,102,102,9,9,84,84,9,9
103,UP,1,1.0,80.5,80.5,80.5,0,False,False,{'ale.lives': 0},1,103,1,103,103,9,9,85,85,9,9
104,UP,1,1.0,81.5,81.5,81.5,0,False,False,{'ale.lives': 0},1,104,1,104,104,9,9,86,86,9,9
105,UP,1,1.0,82.5,82.5,82.5,0,False,False,{'ale.lives': 0},1,105,1,105,105,9,9,87,87,9,9
106,UP,1,1.0,83.5,83.5,83.5,0,False,False,{'ale.lives': 0},1,106,1,106,106,9,9,88,88,9,9
107,UP,1,1.0,84.5,84.5,84.5,0,False,False,{'ale.lives': 0},1,107,1,107,107,9,9,89,89,9,9
108,UP,1,1.0,85.5,85.5,85.5,0,False,False,{'ale.lives': 0},1,108,1,108,108,9,9,90,90,9,9
109,UP,1,1.0,86.5,86.5,86.5,0,False,False,{'ale.lives': 0},1,109,1,109,109,9,9,91,91,9,9
110,UP,1,1.0,87.5,87.5,87.5,0,False,False,{'ale.lives': 0},1,110,1,110,110,9,9,92,92,9,9
111,UP,1,1.0,88.5,88.5,88.5,0,False,False,{'ale.lives': 0},1,111,1,111,111,9,9,93,93,9,9
112,UP,1,1.0,89.5,89.5,89.5,0,False,False,{'ale.lives': 0},1,112,1,112,112,9,9,94,94,9,9
113,UP,1,1.0,90.5,90.5,90.5,0,False,False,{'ale.lives': 0},1,113,1,113,113,9,9,95,95,9,9
114,UP,1,1.0,91.5,91.5,91.5,0,False,False,{'ale.lives': 0},1,114,1,114,114,9,9,96,96,9,9
115,UP,1,1.0,92.5,92.5,92.5,0,False,False,{'ale.lives': 0},1,115,1,115,115,9,9,97,97,9,9
116,UP,1,1.0,93.5,93.5,93.5,0,False,False,{'ale.lives': 0},1,116,1,116,116,9,9,98,98,9,9
117,UP,1,1.0,94.5,94.5,94.5,0,False,False,{'ale.lives': 0},1,117,1,117,117,9,9,99,99,9,9
118,UP,1,1.0,95.5,95.5,95.5,0,False,False,{'ale.lives': 0},1,118,1,118,118,9,9,100,100,9,9
119,UP,1,1.0,96.5,96.5,96.5,0,False,False,{'ale.lives': 0},1,119,1,119,119,9,9,101,101,9,9
120,UP,1,1.0,97.5,97.5,97.5,0,False,False,{'ale.lives': 0},1,120,1,120,120,9,9,102,102,9,9
121,UP,1,1.0,98.5,98.5,98.5,0,False,False,{'ale.lives': 0},1,121,1,121,121,9,9,103,103,9,9
122,UP,1,1.0,99.5,99.5,99.5,0,False,False,{'ale.lives': 0},1,122,1,122,122,9,9,104,104,9,9
123,UP,1,1.0,100.5,100.5,100.5,0,False,False,{'ale.lives': 0},1,123,1,123,123,9,9,105,105,9,9
124,UP,1,1.0,101.5,101.5,101.5,0,False,False,{'ale.lives': 0},1,124,1,124,124,9,9,106,106,9,9
125,UP,1,1.0,102.5,102.5,102.5,0,False,False,{'ale.lives': 0},1,125,1,125,125,9,9,107,107,9,9
126,UP,1,1.0,103.5,103.5,103.5,0,False,False,{'ale.lives': 0},1,126,1,126,126,9,9,108,108,9,9
127,UP,1,1.0,104.5,104.5,104.5,0,False,False,{'ale.lives': 0},1,127,1,127,127,9,9,109,109,9,9
128,UP,1,1.0,105.5,105.5,105.5,0,False,False,{'ale.lives': 0},1,128,1,128,128,9,9,110,110,9,9
129,UP,1,1.0,106.5,106.5,106.5,0,False,False,{'ale.lives': 0},1,129,1,129,129,9,9,111,111,9,9
130,UP,1,1.0,107.5,107.5,107.5,0,False,False,{'ale.lives': 0},1,130,1,130,130,9,9,112,112,9,9
131,UP,1,1.0,108.5,108.5,108.5,0,False,False,{'ale.lives': 0},1,131,1,131,131,9,9,113,113,9,9
132,UP,1,1.0,109.5,109.5,109.5,0,False,False,{'ale.lives': 0},1,132,1,132,132,9,9,114,114,9,9
133,UP,1,1.0,110.5,110.5,110.5,0,False,False,{'ale.lives': 0},1,133,1,133,133,9,9,115,115,9,9
134,UP,1,1.0,111.5,111.5,111.5,0,False,False,{'ale.lives': 0},1,134,1,134,134,9,9,116,116,9,9
135,UP,1,1.0,112.5,112.5,112.5,0,False,False,{'ale.lives': 0},1,135,1,135,135,9,9,117,117,9,9
136,UP,1,1.0,113.5,113.5,113.5,0,False,False,{'ale.lives': 0},1,136,1,136,136,9,9,118,118,9,9
137,UP,1,1.0,114.5,114.5,114.5,0,False,False,{'ale.lives': 0},1,137,1,137,137,9,9,119,119,9,9
138,UP,1,1.0,115.5,115.5,115.5,0,False,False,{'ale.lives': 0},1,138,1,138,138,9,9,120,120,9,9
139,UP,1,1.0,116.5,116.5,116.5,0,False,False,{'ale.lives': 0},1,139,1,139,139,9,9,121,121,9,9
140,UP,1,1.0,117.5,117.5,117.5,0,False,False,{'ale.lives': 0},1,140,1,140,140,9,9,122,122,9,9
141,UP,1,1.0,118.5,118.5,118.5,0,False,False,{'ale.lives': 0},1,141,1,141,141,9,9,123,123,9,9
142,UP,1,1.0,119.5,119.5,119.5,0,False,False,{'ale.lives': 0},1,142,1,142,142,9,9,124,124,9,9
143,UP,1,1.0,120.5,120.5,120.5,0,False,False,{'ale.lives': 0},1,143,1,143,143,9,9,125,125,9,9
144,UP,1,1.0,121.5,121.5,121.5,0,False,False,{'ale.lives': 0},1,144,1,144,144,9,9,126,126,9,9
145,UP,1,1.0,122.5,122.5,122.5,0,False,False,{'ale.lives': 0},1,145,1,145,145,9,9,127,127,9,9
146,UP,1,1.0,123.5,123.5,123.5,0,False,False,{'ale.lives': 0},1,146,1,146,146,9,9,128,128,9,9
147,UP,1,1.0,124.5,124.5,124.5,0,False,False,{'ale.lives': 0},1,147,1,147,147,9,9,129,129,9,9
148,UP,1,1.0,125.5,125.5,125.5,0,False,False,{'ale.lives': 0},1,148,1,148,148,9,9,130,130,9,9
149,UP,1,1.0,126.5,126.5,126.5,0,False,False,{'ale.lives': 0},1,149,1,149,149,9,9,131,131,9,9
150,UP,1,1.0,127.5,127.5,127.5,0,False,False,{'ale.lives': 0},1,150,1,150,150,9,9,132,132,9,9
151,UP,1,1.0,128.5,128.5,128.5,0,False,False,{'ale.lives': 0},1,151,1,151,151,9,9,133,133,9,9
152,UP,1,1.0,129.5,129.5,129.5,0,False,False,{'ale.lives': 0},1,152,1,152,152,9,9,134,134,9,9
153,UP,1,1.0,130.5,130.5,130.5,0,False,False,{'ale.lives': 0},1,153,1,153,153,9,9,135,135,9,9
154,UP,1,1.0,131.5,131.5,131.5,0,False,False,{'ale.lives': 0},1,154,1,154,154,9,9,136,136,9,9
155,UP,1,1.0,132.5,132.5,132.5,0,False,False,{'ale.lives': 0},1,155,1,155,155,9,9,137,137,9,9
156,UP,1,1.0,133.5,133.5,133.5,0,False,False,{'ale.lives': 0},1,156,1,156,156,9,9,138,138,9,9
157,UP,1,1.0,134.5,134.5,134.5,0,False,False,{'ale.lives': 0},1,157,1,157,157,9,9,139,139,9,9
158,UP,1,1.0,135.5,135.5,135.5,0,False,False,{'ale.lives': 0},1,158,1,158,158,9,9,140,140,9,9
159,UP,1,1.0,136.5,136.5,136.5,0,False,False,{'ale.lives': 0},1,159,1,159,159,9,9,141,141,9,9
160,UP,1,1.0,137.5,137.5,137.5,0,False,False,{'ale.lives': 0},1,160,1,160,160,9,9,142,142,9,9
161,UP,1,1.0,138.5,138.5,138.5,0,False,False,{'ale.lives': 0},1,161,1,161,161,9,9,143,143,9,9
162,UP,1,1.0,139.5,139.5,139.5,0,False,False,{'ale.lives': 0},1,162,1,162,162,9,9,144,144,9,9
163,UP,1,1.0,140.5,140.5,140.5,0,False,False,{'ale.lives': 0},1,163,1,163,163,9,9,145,145,9,9
164,UP,1,1.0,141.5,141.5,141.5,0,False,False,{'ale.lives': 0},1,164,1,164,164,9,9,146,146,9,9
165,UP,1,1.0,142.5,142.5,142.5,0,False,False,{'ale.lives': 0},1,165,1,165,165,9,9,147,147,9,9
166,UP,1,1.0,143.5,143.5,143.5,0,False,False,{'ale.lives': 0},1,166,1,166,166,9,9,148,148,9,9
167,UP,1,1.0,144.5,144.5,144.5,0,False,False,{'ale.lives': 0},1,167,1,167,167,9,9,149,149,9,9
168,UP,1,1.0,145.5,145.5,145.5,0,False,False,{'ale.lives': 0},1,168,1,168,168,9,9,150,150,9,9
169,UP,1,1.0,146.5,146.5,146.5,0,False,False,{'ale.lives': 0},1,169,1,169,169,9,9,151,151,9,9
170,UP,1,1.0,147.5,147.5,147.5,0,False,False,{'ale.lives': 0},1,170,1,170,170,9,9,152,152,9,9
171,UP,1,1.0,148.5,148.5,148.5,0,False,False,{'ale.lives': 0},1,171,1,171,171,9,9,153,153,9,9
172,UP,1,1.0,149.5,149.5,149.5,0,False,False,{'ale.lives': 0},1,172,1,172,172,9,9,154,154,9,9
173,UP,1,1.0,150.5,150.5,150.5,0,False,False,{'ale.lives': 0},1,173,1,173,173,9,9,155,155,9,9
174,UP,1,1.0,151.5,151.5,151.5,0,False,False,{'ale.lives': 0},1,174,1,174,174,9,9,156,156,9,9
175,UP,1,1.0,152.5,152.5,152.5,0,False,False,{'ale.lives': 0},1,175,1,175,175,9,9,157,157,9,9
176,UP,1,1.0,153.5,153.5,153.5,0,False,False,{'ale.lives': 0},1,176,1,176,176,9,9,158,158,9,9
177,UP,1,1.0,154.5,154.5,154.5,0,False,False,{'ale.lives': 0},1,177,1,177,177,9,9,159,159,9,9
178,UP,1,1.0,155.5,155.5,155.5,0,False,False,{'ale.lives': 0},1,178,1,178,178,9,9,160,160,9,9
179,UP,1,1.0,156.5,156.5,156.5,0,False,False,{'ale.lives': 0},1,179,1,179,179,9,9,161,161,9,9
180,UP,1,1.0,157.5,157.5,157.5,0,False,False,{'ale.lives': 0},1,180,1,180,180,9,9,162,162,9,9
181,UP,1,1.0,158.5,158.5,158.5,0,False,False,{'ale.lives': 0},1,181,1,181,181,9,9,163,163,9,9
182,UP,1,1.0,159.5,159.5,159.5,0,False,False,{'ale.lives': 0},1,182,1,182,182,9,9,164,164,9,9
183,UP,1,1.0,160.5,160.5,160.5,0,False,False,{'ale.lives': 0},1,183,1,183,183,9,9,165,165,9,9
184,UP,1,1.0,161.5,161.5,161.5,0,False,False,{'ale.lives': 0},1,184,1,184,184,9,9,166,166,9,9
185,UP,1,1.0,162.5,162.5,162.5,0,False,False,{'ale.lives': 0},1,185,1,185,185,9,9,167,167,9,9
186,UP,1,1.0,163.5,163.5,163.5,0,False,False,{'ale.lives': 0},1,186,1,186,186,9,9,168,168,9,9
187,NOOP,0,0.0,163.5,163.5,163.5,0,False,False,{'ale.lives': 0},1,187,1,187,187,10,10,168,168,9,9
188,UP,1,1.0,164.5,164.5,164.5,0,False,False,{'ale.lives': 0},1,188,1,188,188,10,10,169,169,9,9
189,UP,1,1.0,165.5,165.5,165.5,0,False,False,{'ale.lives': 0},1,189,1,189,189,10,10,170,170,9,9
190,UP,1,1.0,166.5,166.5,166.5,0,False,False,{'ale.lives': 0},1,190,1,190,190,10,10,171,171,9,9
191,UP,1,1.0,167.5,167.5,167.5,0,False,False,{'ale.lives': 0},1,191,1,191,191,10,10,172,172,9,9
192,UP,1,1.0,168.5,168.5,168.5,0,False,False,{'ale.lives': 0},1,192,1,192,192,10,10,173,173,9,9
193,UP,1,1.0,169.5,169.5,169.5,0,False,False,{'ale.lives': 0},1,193,1,193,193,10,10,174,174,9,9
194,UP,1,1.0,170.5,170.5,170.5,0,False,False,{'ale.lives': 0},1,194,1,194,194,10,10,175,175,9,9
195,UP,1,1.0,171.5,171.5,171.5,0,False,False,{'ale.lives': 0},1,195,1,195,195,10,10,176,176,9,9
196,UP,1,1.0,172.5,172.5,172.5,0,False,False,{'ale.lives': 0},1,196,1,196,196,10,10,177,177,9,9
197,UP,1,1.0,173.5,173.5,173.5,0,False,False,{'ale.lives': 0},1,197,1,197,197,10,10,178,178,9,9
198,UP,1,1.0,174.5,174.5,174.5,0,False,False,{'ale.lives': 0},1,198,1,198,198,10,10,179,179,9,9
199,UP,1,1.0,175.5,175.5,175.5,0,False,False,{'ale.lives': 0},1,199,1,199,199,10,10,180,180,9,9
200,UP,1,1.0,176.5,176.5,176.5,0,False,False,{'ale.lives': 0},1,200,1,200,200,10,10,181,181,9,9
201,UP,1,1.0,177.5,177.5,177.5,0,False,False,{'ale.lives': 0},1,201,1,201,201,10,10,182,182,9,9
202,UP,1,1.0,178.5,178.5,178.5,0,False,False,{'ale.lives': 0},1,202,1,202,202,10,10,183,183,9,9
203,UP,1,1.0,179.5,179.5,179.5,0,False,False,{'ale.lives': 0},1,203,1,203,203,10,10,184,184,9,9
204,UP,1,1.0,180.5,180.5,180.5,0,False,False,{'ale.lives': 0},1,204,1,204,204,10,10,185,185,9,9
205,UP,1,1.0,181.5,181.5,181.5,0,False,False,{'ale.lives': 0},1,205,1,205,205,10,10,186,186,9,9
206,UP,1,1.0,182.5,182.5,182.5,0,False,False,{'ale.lives': 0},1,206,1,206,206,10,10,187,187,9,9
207,UP,1,1.0,183.5,183.5,183.5,0,False,False,{'ale.lives': 0},1,207,1,207,207,10,10,188,188,9,9
208,UP,1,1.0,184.5,184.5,184.5,0,False,False,{'ale.lives': 0},1,208,1,208,208,10,10,189,189,9,9
209,UP,1,1.0,185.5,185.5,185.5,0,False,False,{'ale.lives': 0},1,209,1,209,209,10,10,190,190,9,9
210,UP,1,1.0,186.5,186.5,186.5,0,False,False,{'ale.lives': 0},1,210,1,210,210,10,10,191,191,9,9
211,UP,1,1.0,187.5,187.5,187.5,0,False,False,{'ale.lives': 0},1,211,1,211,211,10,10,192,192,9,9
212,UP,1,1.0,188.5,188.5,188.5,0,False,False,{'ale.lives': 0},1,212,1,212,212,10,10,193,193,9,9
213,UP,1,1.0,189.5,189.5,189.5,0,False,False,{'ale.lives': 0},1,213,1,213,213,10,10,194,194,9,9
214,UP,1,1.0,190.5,190.5,190.5,0,False,False,{'ale.lives': 0},1,214,1,214,214,10,10,195,195,9,9
215,UP,1,1.0,191.5,191.5,191.5,0,False,False,{'ale.lives': 0},1,215,1,215,215,10,10,196,196,9,9
216,UP,1,1.0,192.5,192.5,192.5,0,False,False,{'ale.lives': 0},1,216,1,216,216,10,10,197,197,9,9
217,UP,1,1.0,193.5,193.5,193.5,0,False,False,{'ale.lives': 0},1,217,1,217,217,10,10,198,198,9,9
218,UP,1,1.0,194.5,194.5,194.5,0,False,False,{'ale.lives': 0},1,218,1,218,218,10,10,199,199,9,9
219,UP,1,1.0,195.5,195.5,195.5,0,False,False,{'ale.lives': 0},1,219,1,219,219,10,10,200,200,9,9
220,UP,1,1.0,196.5,196.5,196.5,0,False,False,{'ale.lives': 0},1,220,1,220,220,10,10,201,201,9,9
221,UP,1,1.0,197.5,197.5,197.5,0,False,False,{'ale.lives': 0},1,221,1,221,221,10,10,202,202,9,9
222,UP,1,1.0,198.5,198.5,198.5,0,False,False,{'ale.lives': 0},1,222,1,222,222,10,10,203,203,9,9
223,UP,1,1.0,199.5,199.5,199.5,0,False,False,{'ale.lives': 0},1,223,1,223,223,10,10,204,204,9,9
224,UP,1,1.0,200.5,200.5,200.5,0,False,False,{'ale.lives': 0},1,224,1,224,224,10,10,205,205,9,9
225,UP,1,1.0,201.5,201.5,201.5,0,False,False,{'ale.lives': 0},1,225,1,225,225,10,10,206,206,9,9
226,UP,1,1.0,202.5,202.5,202.5,0,False,False,{'ale.lives': 0},1,226,1,226,226,10,10,207,207,9,9
227,UP,1,1.0,203.5,203.5,203.5,0,False,False,{'ale.lives': 0},1,227,1,227,227,10,10,208,208,9,9
228,UP,1,1.0,204.5,204.5,204.5,0,False,False,{'ale.lives': 0},1,228,1,228,228,10,10,209,209,9,9
229,UP,1,1.0,205.5,205.5,205.5,0,False,False,{'ale.lives': 0},1,229,1,229,229,10,10,210,210,9,9
230,UP,1,1.0,206.5,206.5,206.5,0,False,False,{'ale.lives': 0},1,230,1,230,230,10,10,211,211,9,9
231,UP,1,1.0,207.5,207.5,207.5,0,False,False,{'ale.lives': 0},1,231,1,231,231,10,10,212,212,9,9
232,UP,1,1.0,208.5,208.5,208.5,0,False,False,{'ale.lives': 0},1,232,1,232,232,10,10,213,213,9,9
233,UP,1,1.0,209.5,209.5,209.5,0,False,False,{'ale.lives': 0},1,233,1,233,233,10,10,214,214,9,9
234,UP,1,1.0,210.5,210.5,210.5,0,False,False,{'ale.lives': 0},1,234,1,234,234,10,10,215,215,9,9
235,UP,1,1.0,211.5,211.5,211.5,0,False,False,{'ale.lives': 0},1,235,1,235,235,10,10,216,216,9,9
236,UP,1,1.0,212.5,212.5,212.5,0,False,False,{'ale.lives': 0},1,236,1,236,236,10,10,217,217,9,9
237,UP,1,1.0,213.5,213.5,213.5,0,False,False,{'ale.lives': 0},1,237,1,237,237,10,10,218,218,9,9
238,NOOP,0,0.0,213.5,213.5,213.5,0,False,False,{'ale.lives': 0},1,238,1,238,238,11,11,218,218,9,9
239,UP,1,1.0,214.5,214.5,214.5,0,False,False,{'ale.lives': 0},1,239,1,239,239,11,11,219,219,9,9
240,UP,1,1.0,215.5,215.5,215.5,0,False,False,{'ale.lives': 0},1,240,1,240,240,11,11,220,220,9,9
241,UP,1,1.0,216.5,216.5,216.5,0,False,False,{'ale.lives': 0},1,241,1,241,241,11,11,221,221,9,9
242,UP,1,1.0,217.5,217.5,217.5,0,False,False,{'ale.lives': 0},1,242,1,242,242,11,11,222,222,9,9
243,UP,1,1.0,218.5,218.5,218.5,0,False,False,{'ale.lives': 0},1,243,1,243,243,11,11,223,223,9,9
244,UP,1,1.0,219.5,219.5,219.5,0,False,False,{'ale.lives': 0},1,244,1,244,244,11,11,224,224,9,9
245,UP,1,1.0,220.5,220.5,220.5,0,False,False,{'ale.lives': 0},1,245,1,245,245,11,11,225,225,9,9
246,UP,1,1.0,221.5,221.5,221.5,0,False,False,{'ale.lives': 0},1,246,1,246,246,11,11,226,226,9,9
247,UP,1,1.0,222.5,222.5,222.5,0,False,False,{'ale.lives': 0},1,247,1,247,247,11,11,227,227,9,9
248,DOWN,2,-0.5,222.0,222.0,222.0,0,False,False,{'ale.lives': 0},1,248,1,248,248,11,11,227,227,10,10
249,UP,1,1.0,223.0,223.0,223.0,0,False,False,{'ale.lives': 0},1,249,1,249,249,11,11,228,228,10,10
250,UP,1,1.0,224.0,224.0,224.0,0,False,False,{'ale.lives': 0},1,250,1,250,250,11,11,229,229,10,10
251,UP,1,1.0,225.0,225.0,225.0,0,False,False,{'ale.lives': 0},1,251,1,251,251,11,11,230,230,10,10
252,UP,1,1.0,226.0,226.0,226.0,0,False,False,{'ale.lives': 0},1,252,1,252,252,11,11,231,231,10,10
253,UP,1,1.0,227.0,227.0,227.0,0,False,False,{'ale.lives': 0},1,253,1,253,253,11,11,232,232,10,10
254,UP,1,1.0,228.0,228.0,228.0,0,False,False,{'ale.lives': 0},1,254,1,254,254,11,11,233,233,10,10
255,UP,1,1.0,229.0,229.0,229.0,0,False,False,{'ale.lives': 0},1,255,1,255,255,11,11,234,234,10,10
256,UP,1,1.0,230.0,230.0,230.0,0,False,False,{'ale.lives': 0},1,256,1,256,256,11,11,235,235,10,10
257,UP,1,1.0,231.0,231.0,231.0,0,False,False,{'ale.lives': 0},1,257,1,257,257,11,11,236,236,10,10
258,UP,1,1.0,232.0,232.0,232.0,0,False,False,{'ale.lives': 0},1,258,1,258,258,11,11,237,237,10,10
259,UP,1,1.0,233.0,233.0,233.0,0,False,False,{'ale.lives': 0},1,259,1,259,259,11,11,238,238,10,10
260,UP,1,1.0,234.0,234.0,234.0,0,False,False,{'ale.lives': 0},1,260,1,260,260,11,11,239,239,10,10
261,UP,1,1.0,235.0,235.0,235.0,0,False,False,{'ale.lives': 0},1,261,1,261,261,11,11,240,240,10,10
262,UP,1,1.0,236.0,236.0,236.0,0,False,False,{'ale.lives': 0},1,262,1,262,262,11,11,241,241,10,10
263,UP,1,1.0,237.0,237.0,237.0,0,False,False,{'ale.lives': 0},1,263,1,263,263,11,11,242,242,10,10
264,UP,1,1.0,238.0,238.0,238.0,0,False,False,{'ale.lives': 0},1,264,1,264,264,11,11,243,243,10,10
265,UP,1,1.0,239.0,239.0,239.0,0,False,False,{'ale.lives': 0},1,265,1,265,265,11,11,244,244,10,10
266,UP,1,1.0,240.0,240.0,240.0,0,False,False,{'ale.lives': 0},1,266,1,266,266,11,11,245,245,10,10
267,UP,1,1.0,241.0,241.0,241.0,0,False,False,{'ale.lives': 0},1,267,1,267,267,11,11,246,246,10,10
268,UP,1,1.0,242.0,242.0,242.0,0,False,False,{'ale.lives': 0},1,268,1,268,268,11,11,247,247,10,10
269,UP,1,1.0,243.0,243.0,243.0,0,False,False,{'ale.lives': 0},1,269,1,269,269,11,11,248,248,10,10
270,UP,1,1.0,244.0,244.0,244.0,0,False,False,{'ale.lives': 0},1,270,1,270,270,11,11,249,249,10,10
271,UP,1,1.0,245.0,245.0,245.0,0,False,False,{'ale.lives': 0},1,271,1,271,271,11,11,250,250,10,10
272,UP,1,1.0,246.0,246.0,246.0,0,False,False,{'ale.lives': 0},1,272,1,272,272,11,11,251,251,10,10
273,UP,1,1.0,247.0,247.0,247.0,0,False,False,{'ale.lives': 0},1,273,1,273,273,11,11,252,252,10,10
274,UP,1,1.0,248.0,248.0,248.0,0,False,False,{'ale.lives': 0},1,274,1,274,274,11,11,253,253,10,10
275,UP,1,1.0,249.0,249.0,249.0,0,False,False,{'ale.lives': 0},1,275,1,275,275,11,11,254,254,10,10
276,UP,1,1.0,250.0,250.0,250.0,0,False,False,{'ale.lives': 0},1,276,1,276,276,11,11,255,255,10,10
277,UP,1,1.0,251.0,251.0,251.0,0,False,False,{'ale.lives': 0},1,277,1,277,277,11,11,256,256,10,10
278,UP,1,1.0,252.0,252.0,252.0,0,False,False,{'ale.lives': 0},1,278,1,278,278,11,11,257,257,10,10
279,UP,1,1.0,253.0,253.0,253.0,0,False,False,{'ale.lives': 0},1,279,1,279,279,11,11,258,258,10,10
280,UP,1,1.0,254.0,254.0,254.0,0,False,False,{'ale.lives': 0},1,280,1,280,280,11,11,259,259,10,10
281,UP,1,1.0,255.0,255.0,255.0,0,False,False,{'ale.lives': 0},1,281,1,281,281,11,11,260,260,10,10
282,UP,1,1.0,256.0,256.0,256.0,0,False,False,{'ale.lives': 0},1,282,1,282,282,11,11,261,261,10,10
283,UP,1,1.0,257.0,257.0,257.0,0,False,False,{'ale.lives': 0},1,283,1,283,283,11,11,262,262,10,10
284,UP,1,1.0,258.0,258.0,258.0,0,False,False,{'ale.lives': 0},1,284,1,284,284,11,11,263,263,10,10
285,UP,1,1.0,259.0,259.0,259.0,0,False,False,{'ale.lives': 0},1,285,1,285,285,11,11,264,264,10,10
286,UP,1,1.0,260.0,260.0,260.0,0,False,False,{'ale.lives': 0},1,286,1,286,286,11,11,265,265,10,10
287,UP,1,1.0,261.0,261.0,261.0,0,False,False,{'ale.lives': 0},1,287,1,287,287,11,11,266,266,10,10
288,UP,1,1.0,262.0,262.0,262.0,0,False,False,{'ale.lives': 0},1,288,1,288,288,11,11,267,267,10,10
289,UP,1,1.0,263.0,263.0,263.0,0,False,False,{'ale.lives': 0},1,289,1,289,289,11,11,268,268,10,10
290,UP,1,1.0,264.0,264.0,264.0,0,False,False,{'ale.lives': 0},1,290,1,290,290,11,11,269,269,10,10
291,UP,1,1.0,265.0,265.0,265.0,0,False,False,{'ale.lives': 0},1,291,1,291,291,11,11,270,270,10,10
292,UP,1,1.0,266.0,266.0,266.0,0,False,False,{'ale.lives': 0},1,292,1,292,292,11,11,271,271,10,10
293,UP,1,1.0,267.0,267.0,267.0,0,False,False,{'ale.lives': 0},1,293,1,293,293,11,11,272,272,10,10
294,UP,1,1.0,268.0,268.0,268.0,0,False,False,{'ale.lives': 0},1,294,1,294,294,11,11,273,273,10,10
295,UP,1,1.0,269.0,269.0,269.0,0,False,False,{'ale.lives': 0},1,295,1,295,295,11,11,274,274,10,10
296,UP,1,1.0,270.0,270.0,270.0,0,False,False,{'ale.lives': 0},1,296,1,296,296,11,11,275,275,10,10
297,UP,1,1.0,271.0,271.0,271.0,0,False,False,{'ale.lives': 0},1,297,1,297,297,11,11,276,276,10,10
298,UP,1,1.0,272.0,272.0,272.0,0,False,False,{'ale.lives': 0},1,298,1,298,298,11,11,277,277,10,10
299,UP,1,1.0,273.0,273.0,273.0,0,False,False,{'ale.lives': 0},1,299,1,299,299,11,11,278,278,10,10
300,UP,1,1.0,274.0,274.0,274.0,0,False,False,{'ale.lives': 0},1,300,1,300,300,11,11,279,279,10,10
301,UP,1,1.0,275.0,275.0,275.0,0,False,False,{'ale.lives': 0},1,301,1,301,301,11,11,280,280,10,10
302,UP,1,1.0,276.0,276.0,276.0,0,False,False,{'ale.lives': 0},1,302,1,302,302,11,11,281,281,10,10
303,UP,1,1.0,277.0,277.0,277.0,0,False,False,{'ale.lives': 0},1,303,1,303,303,11,11,282,282,10,10
304,UP,1,1.0,278.0,278.0,278.0,0,False,False,{'ale.lives': 0},1,304,1,304,304,11,11,283,283,10,10
305,UP,1,1.0,279.0,279.0,279.0,0,False,False,{'ale.lives': 0},1,305,1,305,305,11,11,284,284,10,10
306,UP,1,1.0,280.0,280.0,280.0,0,False,False,{'ale.lives': 0},1,306,1,306,306,11,11,285,285,10,10
307,UP,1,1.0,281.0,281.0,281.0,0,False,False,{'ale.lives': 0},1,307,1,307,307,11,11,286,286,10,10
308,UP,1,1.0,282.0,282.0,282.0,0,False,False,{'ale.lives': 0},1,308,1,308,308,11,11,287,287,10,10
309,UP,1,1.0,283.0,283.0,283.0,0,False,False,{'ale.lives': 0},1,309,1,309,309,11,11,288,288,10,10
310,UP,1,1.0,284.0,284.0,284.0,0,False,False,{'ale.lives': 0},1,310,1,310,310,11,11,289,289,10,10
311,UP,1,1.0,285.0,285.0,285.0,0,False,False,{'ale.lives': 0},1,311,1,311,311,11,11,290,290,10,10
312,UP,1,1.0,286.0,286.0,286.0,0,False,False,{'ale.lives': 0},1,312,1,312,312,11,11,291,291,10,10
313,UP,1,1.0,287.0,287.0,287.0,0,False,False,{'ale.lives': 0},1,313,1,313,313,11,11,292,292,10,10
314,UP,1,1.0,288.0,288.0,288.0,0,False,False,{'ale.lives': 0},1,314,1,314,314,11,11,293,293,10,10
315,UP,1,1.0,289.0,289.0,289.0,0,False,False,{'ale.lives': 0},1,315,1,315,315,11,11,294,294,10,10
316,UP,1,1.0,290.0,290.0,290.0,0,False,False,{'ale.lives': 0},1,316,1,316,316,11,11,295,295,10,10
317,UP,1,1.0,291.0,291.0,291.0,0,False,False,{'ale.lives': 0},1,317,1,317,317,11,11,296,296,10,10
318,UP,1,1.0,292.0,292.0,292.0,0,False,False,{'ale.lives': 0},1,318,1,318,318,11,11,297,297,10,10
319,UP,1,1.0,293.0,293.0,293.0,0,False,False,{'ale.lives': 0},1,319,1,319,319,11,11,298,298,10,10
320,UP,1,1.0,294.0,294.0,294.0,0,False,False,{'ale.lives': 0},1,320,1,320,320,11,11,299,299,10,10
321,UP,1,1.0,295.0,295.0,295.0,0,False,False,{'ale.lives': 0},1,321,1,321,321,11,11,300,300,10,10
322,UP,1,1.0,296.0,296.0,296.0,0,False,False,{'ale.lives': 0},1,322,1,322,322,11,11,301,301,10,10
323,UP,1,1.0,297.0,297.0,297.0,0,False,False,{'ale.lives': 0},1,323,1,323,323,11,11,302,302,10,10
324,UP,1,1.0,298.0,298.0,298.0,0,False,False,{'ale.lives': 0},1,324,1,324,324,11,11,303,303,10,10
325,UP,1,1.0,299.0,299.0,299.0,0,False,False,{'ale.lives': 0},1,325,1,325,325,11,11,304,304,10,10
326,UP,1,1.0,300.0,300.0,300.0,0,False,False,{'ale.lives': 0},1,326,1,326,326,11,11,305,305,10,10
327,UP,1,1.0,301.0,301.0,301.0,0,False,False,{'ale.lives': 0},1,327,1,327,327,11,11,306,306,10,10
328,UP,1,1.0,302.0,302.0,302.0,0,False,False,{'ale.lives': 0},1,328,1,328,328,11,11,307,307,10,10
329,UP,1,1.0,303.0,303.0,303.0,0,False,False,{'ale.lives': 0},1,329,1,329,329,11,11,308,308,10,10
330,UP,1,1.0,304.0,304.0,304.0,0,False,False,{'ale.lives': 0},1,330,1,330,330,11,11,309,309,10,10
331,UP,1,1.0,305.0,305.0,305.0,0,False,False,{'ale.lives': 0},1,331,1,331,331,11,11,310,310,10,10
332,UP,1,1.0,306.0,306.0,306.0,0,False,False,{'ale.lives': 0},1,332,1,332,332,11,11,311,311,10,10
333,UP,1,1.0,307.0,307.0,307.0,0,False,False,{'ale.lives': 0},1,333,1,333,333,11,11,312,312,10,10
334,UP,1,1.0,308.0,308.0,308.0,0,False,False,{'ale.lives': 0},1,334,1,334,334,11,11,313,313,10,10
335,UP,1,1.0,309.0,309.0,309.0,0,False,False,{'ale.lives': 0},1,335,1,335,335,11,11,314,314,10,10
336,UP,1,1.0,310.0,310.0,310.0,0,False,False,{'ale.lives': 0},1,336,1,336,336,11,11,315,315,10,10
337,UP,1,1.0,311.0,311.0,311.0,0,False,False,{'ale.lives': 0},1,337,1,337,337,11,11,316,316,10,10
338,UP,1,1.0,312.0,312.0,312.0,0,False,False,{'ale.lives': 0},1,338,1,338,338,11,11,317,317,10,10
339,UP,1,1.0,313.0,313.0,313.0,0,False,False,{'ale.lives': 0},1,339,1,339,339,11,11,318,318,10,10
340,UP,1,1.0,314.0,314.0,314.0,0,False,False,{'ale.lives': 0},1,340,1,340,340,11,11,319,319,10,10
341,UP,1,1.0,315.0,315.0,315.0,0,False,False,{'ale.lives': 0},1,341,1,341,341,11,11,320,320,10,10
342,UP,1,1.0,316.0,316.0,316.0,0,False,False,{'ale.lives': 0},1,342,1,342,342,11,11,321,321,10,10
343,UP,1,1.0,317.0,317.0,317.0,0,False,False,{'ale.lives': 0},1,343,1,343,343,11,11,322,322,10,10
344,UP,1,1.0,318.0,318.0,318.0,0,False,False,{'ale.lives': 0},1,344,1,344,344,11,11,323,323,10,10
345,UP,1,1.0,319.0,319.0,319.0,0,False,False,{'ale.lives': 0},1,345,1,345,345,11,11,324,324,10,10
346,UP,1,1.0,320.0,320.0,320.0,0,False,False,{'ale.lives': 0},1,346,1,346,346,11,11,325,325,10,10
347,UP,1,1.0,321.0,321.0,321.0,0,False,False,{'ale.lives': 0},1,347,1,347,347,11,11,326,326,10,10
348,UP,1,1.0,322.0,322.0,322.0,0,False,False,{'ale.lives': 0},1,348,1,348,348,11,11,327,327,10,10
349,UP,1,1.0,323.0,323.0,323.0,0,False,False,{'ale.lives': 0},1,349,1,349,349,11,11,328,328,10,10
350,UP,1,1.0,324.0,324.0,324.0,0,False,False,{'ale.lives': 0},1,350,1,350,350,11,11,329,329,10,10
351,UP,1,1.0,325.0,325.0,325.0,0,False,False,{'ale.lives': 0},1,351,1,351,351,11,11,330,330,10,10
352,UP,1,1.0,326.0,326.0,326.0,0,False,False,{'ale.lives': 0},1,352,1,352,352,11,11,331,331,10,10
353,UP,1,1.0,327.0,327.0,327.0,0,False,False,{'ale.lives': 0},1,353,1,353,353,11,11,332,332,10,10
354,UP,1,1.0,328.0,328.0,328.0,0,False,False,{'ale.lives': 0},1,354,1,354,354,11,11,333,333,10,10
355,UP,1,1.0,329.0,329.0,329.0,0,False,False,{'ale.lives': 0},1,355,1,355,355,11,11,334,334,10,10
356,UP,1,1.0,330.0,330.0,330.0,0,False,False,{'ale.lives': 0},1,356,1,356,356,11,11,335,335,10,10
357,UP,1,1.0,331.0,331.0,331.0,0,False,False,{'ale.lives': 0},1,357,1,357,357,11,11,336,336,10,10
358,UP,1,1.0,332.0,332.0,332.0,0,False,False,{'ale.lives': 0},1,358,1,358,358,11,11,337,337,10,10
359,UP,1,1.0,333.0,333.0,333.0,0,False,False,{'ale.lives': 0},1,359,1,359,359,11,11,338,338,10,10
360,UP,1,1.0,334.0,334.0,334.0,0,False,False,{'ale.lives': 0},1,360,1,360,360,11,11,339,339,10,10
361,UP,1,1.0,335.0,335.0,335.0,0,False,False,{'ale.lives': 0},1,361,1,361,361,11,11,340,340,10,10
362,UP,1,1.0,336.0,336.0,336.0,0,False,False,{'ale.lives': 0},1,362,1,362,362,11,11,341,341,10,10
363,UP,1,1.0,337.0,337.0,337.0,0,False,False,{'ale.lives': 0},1,363,1,363,363,11,11,342,342,10,10
364,UP,1,1.0,338.0,338.0,338.0,0,False,False,{'ale.lives': 0},1,364,1,364,364,11,11,343,343,10,10
365,UP,1,1.0,339.0,339.0,339.0,0,False,False,{'ale.lives': 0},1,365,1,365,365,11,11,344,344,10,10
366,UP,1,1.0,340.0,340.0,340.0,0,False,False,{'ale.lives': 0},1,366,1,366,366,11,11,345,345,10,10
367,UP,1,1.0,341.0,341.0,341.0,0,False,False,{'ale.lives': 0},1,367,1,367,367,11,11,346,346,10,10
368,UP,1,1.0,342.0,342.0,342.0,0,False,False,{'ale.lives': 0},1,368,1,368,368,11,11,347,347,10,10
369,UP,1,1.0,343.0,343.0,343.0,0,False,False,{'ale.lives': 0},1,369,1,369,369,11,11,348,348,10,10
370,NOOP,0,0.0,343.0,343.0,343.0,0,False,False,{'ale.lives': 0},1,370,1,370,370,12,12,348,348,10,10
371,UP,1,1.0,344.0,344.0,344.0,0,False,False,{'ale.lives': 0},1,371,1,371,371,12,12,349,349,10,10
372,UP,1,1.0,345.0,345.0,345.0,0,False,False,{'ale.lives': 0},1,372,1,372,372,12,12,350,350,10,10
373,UP,1,1.0,346.0,346.0,346.0,0,False,False,{'ale.lives': 0},1,373,1,373,373,12,12,351,351,10,10
374,UP,1,1.0,347.0,347.0,347.0,0,False,False,{'ale.lives': 0},1,374,1,374,374,12,12,352,352,10,10
375,UP,1,1.0,348.0,348.0,348.0,0,False,False,{'ale.lives': 0},1,375,1,375,375,12,12,353,353,10,10
376,UP,1,1.0,349.0,349.0,349.0,0,False,False,{'ale.lives': 0},1,376,1,376,376,12,12,354,354,10,10
377,UP,1,1.0,350.0,350.0,350.0,0,False,False,{'ale.lives': 0},1,377,1,377,377,12,12,355,355,10,10
378,UP,1,1.0,351.0,351.0,351.0,0,False,False,{'ale.lives': 0},1,378,1,378,378,12,12,356,356,10,10
379,UP,1,1.0,352.0,352.0,352.0,0,False,False,{'ale.lives': 0},1,379,1,379,379,12,12,357,357,10,10
380,UP,1,1.0,353.0,353.0,353.0,0,False,False,{'ale.lives': 0},1,380,1,380,380,12,12,358,358,10,10
381,UP,1,1.0,354.0,354.0,354.0,0,False,False,{'ale.lives': 0},1,381,1,381,381,12,12,359,359,10,10
382,UP,1,1.0,355.0,355.0,355.0,0,False,False,{'ale.lives': 0},1,382,1,382,382,12,12,360,360,10,10
383,UP,1,1.0,356.0,356.0,356.0,0,False,False,{'ale.lives': 0},1,383,1,383,383,12,12,361,361,10,10
384,UP,1,1.0,357.0,357.0,357.0,0,False,False,{'ale.lives': 0},1,384,1,384,384,12,12,362,362,10,10
385,UP,1,1.0,358.0,358.0,358.0,0,False,False,{'ale.lives': 0},1,385,1,385,385,12,12,363,363,10,10
386,UP,1,1.0,359.0,359.0,359.0,0,False,False,{'ale.lives': 0},1,386,1,386,386,12,12,364,364,10,10
387,UP,1,1.0,360.0,360.0,360.0,0,False,False,{'ale.lives': 0},1,387,1,387,387,12,12,365,365,10,10
388,UP,1,1.0,361.0,361.0,361.0,0,False,False,{'ale.lives': 0},1,388,1,388,388,12,12,366,366,10,10
389,UP,1,1.0,362.0,362.0,362.0,0,False,False,{'ale.lives': 0},1,389,1,389,389,12,12,367,367,10,10
390,UP,1,1.0,363.0,363.0,363.0,0,False,False,{'ale.lives': 0},1,390,1,390,390,12,12,368,368,10,10
391,UP,1,1.0,364.0,364.0,364.0,0,False,False,{'ale.lives': 0},1,391,1,391,391,12,12,369,369,10,10
392,UP,1,1.0,365.0,365.0,365.0,0,False,False,{'ale.lives': 0},1,392,1,392,392,12,12,370,370,10,10
393,UP,1,1.0,366.0,366.0,366.0,0,False,False,{'ale.lives': 0},1,393,1,393,393,12,12,371,371,10,10
394,UP,1,1.0,367.0,367.0,367.0,0,False,False,{'ale.lives': 0},1,394,1,394,394,12,12,372,372,10,10
395,UP,1,1.0,368.0,368.0,368.0,0,False,False,{'ale.lives': 0},1,395,1,395,395,12,12,373,373,10,10
396,UP,1,1.0,369.0,369.0,369.0,0,False,False,{'ale.lives': 0},1,396,1,396,396,12,12,374,374,10,10
397,UP,1,1.0,370.0,370.0,370.0,0,False,False,{'ale.lives': 0},1,397,1,397,397,12,12,375,375,10,10
398,UP,1,1.0,371.0,371.0,371.0,0,False,False,{'ale.lives': 0},1,398,1,398,398,12,12,376,376,10,10
399,UP,1,1.0,372.0,372.0,372.0,0,False,False,{'ale.lives': 0},1,399,1,399,399,12,12,377,377,10,10
400,UP,1,1.0,373.0,373.0,373.0,0,False,False,{'ale.lives': 0},1,400,1,400,400,12,12,378,378,10,10
401,UP,1,1.0,374.0,374.0,374.0,0,False,False,{'ale.lives': 0},1,401,1,401,401,12,12,379,379,10,10
402,UP,1,1.0,375.0,375.0,375.0,0,False,False,{'ale.lives': 0},1,402,1,402,402,12,12,380,380,10,10
403,UP,1,1.0,376.0,376.0,376.0,0,False,False,{'ale.lives': 0},1,403,1,403,403,12,12,381,381,10,10
404,NOOP,0,0.0,376.0,376.0,376.0,0,False,False,{'ale.lives': 0},1,404,1,404,404,13,13,381,381,10,10
405,UP,1,1.0,377.0,377.0,377.0,0,False,False,{'ale.lives': 0},1,405,1,405,405,13,13,382,382,10,10
406,UP,1,1.0,378.0,378.0,378.0,0,False,False,{'ale.lives': 0},1,406,1,406,406,13,13,383,383,10,10
407,UP,1,1.0,379.0,379.0,379.0,0,False,False,{'ale.lives': 0},1,407,1,407,407,13,13,384,384,10,10
408,UP,1,1.0,380.0,380.0,380.0,0,False,False,{'ale.lives': 0},1,408,1,408,408,13,13,385,385,10,10
409,UP,1,1.0,381.0,381.0,381.0,0,False,False,{'ale.lives': 0},1,409,1,409,409,13,13,386,386,10,10
410,UP,1,1.0,382.0,382.0,382.0,0,False,False,{'ale.lives': 0},1,410,1,410,410,13,13,387,387,10,10
411,UP,1,1.0,383.0,383.0,383.0,0,False,False,{'ale.lives': 0},1,411,1,411,411,13,13,388,388,10,10
412,UP,1,1.0,384.0,384.0,384.0,0,False,False,{'ale.lives': 0},1,412,1,412,412,13,13,389,389,10,10
413,UP,1,1.0,385.0,385.0,385.0,0,False,False,{'ale.lives': 0},1,413,1,413,413,13,13,390,390,10,10
414,UP,1,1.0,386.0,386.0,386.0,0,False,False,{'ale.lives': 0},1,414,1,414,414,13,13,391,391,10,10
415,UP,1,1.0,387.0,387.0,387.0,0,False,False,{'ale.lives': 0},1,415,1,415,415,13,13,392,392,10,10
416,UP,1,1.0,388.0,388.0,388.0,0,False,False,{'ale.lives': 0},1,416,1,416,416,13,13,393,393,10,10
417,UP,1,1.0,389.0,389.0,389.0,0,False,False,{'ale.lives': 0},1,417,1,417,417,13,13,394,394,10,10
418,UP,1,1.0,390.0,390.0,390.0,0,False,False,{'ale.lives': 0},1,418,1,418,418,13,13,395,395,10,10
419,UP,1,1.0,391.0,391.0,391.0,0,False,False,{'ale.lives': 0},1,419,1,419,419,13,13,396,396,10,10
420,UP,1,1.0,392.0,392.0,392.0,0,False,False,{'ale.lives': 0},1,420,1,420,420,13,13,397,397,10,10
421,UP,1,1.0,393.0,393.0,393.0,0,False,False,{'ale.lives': 0},1,421,1,421,421,13,13,398,398,10,10
422,UP,1,1.0,394.0,394.0,394.0,0,False,False,{'ale.lives': 0},1,422,1,422,422,13,13,399,399,10,10
423,UP,1,1.0,395.0,395.0,395.0,0,False,False,{'ale.lives': 0},1,423,1,423,423,13,13,400,400,10,10
424,UP,1,1.0,396.0,396.0,396.0,0,False,False,{'ale.lives': 0},1,424,1,424,424,13,13,401,401,10,10
425,UP,1,1.0,397.0,397.0,397.0,0,False,False,{'ale.lives': 0},1,425,1,425,425,13,13,402,402,10,10
426,UP,1,1.0,398.0,398.0,398.0,0,False,False,{'ale.lives': 0},1,426,1,426,426,13,13,403,403,10,10
427,UP,1,1.0,399.0,399.0,399.0,0,False,False,{'ale.lives': 0},1,427,1,427,427,13,13,404,404,10,10
428,UP,1,1.0,400.0,400.0,400.0,0,False,False,{'ale.lives': 0},1,428,1,428,428,13,13,405,405,10,10
429,UP,1,1.0,401.0,401.0,401.0,0,False,False,{'ale.lives': 0},1,429,1,429,429,13,13,406,406,10,10
430,UP,1,1.0,402.0,402.0,402.0,0,False,False,{'ale.lives': 0},1,430,1,430,430,13,13,407,407,10,10
431,UP,1,1.0,403.0,403.0,403.0,0,False,False,{'ale.lives': 0},1,431,1,431,431,13,13,408,408,10,10
432,UP,1,1.0,404.0,404.0,404.0,0,False,False,{'ale.lives': 0},1,432,1,432,432,13,13,409,409,10,10
433,UP,1,1.0,405.0,405.0,405.0,0,False,False,{'ale.lives': 0},1,433,1,433,433,13,13,410,410,10,10
434,UP,1,1.0,406.0,406.0,406.0,0,False,False,{'ale.lives': 0},1,434,1,434,434,13,13,411,411,10,10
435,UP,1,1.0,407.0,407.0,407.0,0,False,False,{'ale.lives': 0},1,435,1,435,435,13,13,412,412,10,10
436,UP,1,1.0,408.0,408.0,408.0,0,False,False,{'ale.lives': 0},1,436,1,436,436,13,13,413,413,10,10
437,UP,1,1.0,409.0,409.0,409.0,0,False,False,{'ale.lives': 0},1,437,1,437,437,13,13,414,414,10,10
438,UP,1,1.0,410.0,410.0,410.0,0,False,False,{'ale.lives': 0},1,438,1,438,438,13,13,415,415,10,10
439,UP,1,1.0,411.0,411.0,411.0,0,False,False,{'ale.lives': 0},1,439,1,439,439,13,13,416,416,10,10
440,UP,1,1.0,412.0,412.0,412.0,0,False,False,{'ale.lives': 0},1,440,1,440,440,13,13,417,417,10,10
441,UP,1,1.0,413.0,413.0,413.0,0,False,False,{'ale.lives': 0},1,441,1,441,441,13,13,418,418,10,10
442,UP,1,1.0,414.0,414.0,414.0,0,False,False,{'ale.lives': 0},1,442,1,442,442,13,13,419,419,10,10
443,UP,1,1.0,415.0,415.0,415.0,0,False,False,{'ale.lives': 0},1,443,1,443,443,13,13,420,420,10,10
444,UP,1,1.0,416.0,416.0,416.0,0,False,False,{'ale.lives': 0},1,444,1,444,444,13,13,421,421,10,10
445,UP,1,1.0,417.0,417.0,417.0,0,False,False,{'ale.lives': 0},1,445,1,445,445,13,13,422,422,10,10
446,UP,1,1.0,418.0,418.0,418.0,0,False,False,{'ale.lives': 0},1,446,1,446,446,13,13,423,423,10,10
447,UP,1,1.0,419.0,419.0,419.0,0,False,False,{'ale.lives': 0},1,447,1,447,447,13,13,424,424,10,10
448,UP,1,1.0,420.0,420.0,420.0,0,False,False,{'ale.lives': 0},1,448,1,448,448,13,13,425,425,10,10
449,UP,1,1.0,421.0,421.0,421.0,0,False,False,{'ale.lives': 0},1,449,1,449,449,13,13,426,426,10,10
450,UP,1,1.0,422.0,422.0,422.0,0,False,False,{'ale.lives': 0},1,450,1,450,450,13,13,427,427,10,10
451,UP,1,1.0,423.0,423.0,423.0,0,False,False,{'ale.lives': 0},1,451,1,451,451,13,13,428,428,10,10
452,UP,1,1.0,424.0,424.0,424.0,0,False,False,{'ale.lives': 0},1,452,1,452,452,13,13,429,429,10,10
453,UP,1,1.0,425.0,425.0,425.0,0,False,False,{'ale.lives': 0},1,453,1,453,453,13,13,430,430,10,10
454,UP,1,1.0,426.0,426.0,426.0,0,False,False,{'ale.lives': 0},1,454,1,454,454,13,13,431,431,10,10
455,UP,1,1.0,427.0,427.0,427.0,0,False,False,{'ale.lives': 0},1,455,1,455,455,13,13,432,432,10,10
456,DOWN,2,-0.5,426.5,426.5,426.5,0,False,False,{'ale.lives': 0},1,456,1,456,456,13,13,432,432,11,11
457,UP,1,1.0,427.5,427.5,427.5,0,False,False,{'ale.lives': 0},1,457,1,457,457,13,13,433,433,11,11
458,UP,1,1.0,428.5,428.5,428.5,0,False,False,{'ale.lives': 0},1,458,1,458,458,13,13,434,434,11,11
459,UP,1,1.0,429.5,429.5,429.5,0,False,False,{'ale.lives': 0},1,459,1,459,459,13,13,435,435,11,11
460,UP,1,1.0,430.5,430.5,430.5,0,False,False,{'ale.lives': 0},1,460,1,460,460,13,13,436,436,11,11
461,UP,1,1.0,431.5,431.5,431.5,0,False,False,{'ale.lives': 0},1,461,1,461,461,13,13,437,437,11,11
462,UP,1,1.0,432.5,432.5,432.5,0,False,False,{'ale.lives': 0},1,462,1,462,462,13,13,438,438,11,11
463,UP,1,1.0,433.5,433.5,433.5,0,False,False,{'ale.lives': 0},1,463,1,463,463,13,13,439,439,11,11
464,UP,1,1.0,434.5,434.5,434.5,0,False,False,{'ale.lives': 0},1,464,1,464,464,13,13,440,440,11,11
465,UP,1,1.0,435.5,435.5,435.5,0,False,False,{'ale.lives': 0},1,465,1,465,465,13,13,441,441,11,11
466,UP,1,1.0,436.5,436.5,436.5,0,False,False,{'ale.lives': 0},1,466,1,466,466,13,13,442,442,11,11
467,UP,1,1.0,437.5,437.5,437.5,0,False,False,{'ale.lives': 0},1,467,1,467,467,13,13,443,443,11,11
468,UP,1,1.0,438.5,438.5,438.5,0,False,False,{'ale.lives': 0},1,468,1,468,468,13,13,444,444,11,11
469,UP,1,1.0,439.5,439.5,439.5,0,False,False,{'ale.lives': 0},1,469,1,469,469,13,13,445,445,11,11
470,UP,1,1.0,440.5,440.5,440.5,0,False,False,{'ale.lives': 0},1,470,1,470,470,13,13,446,446,11,11
471,UP,1,1.0,441.5,441.5,441.5,0,False,False,{'ale.lives': 0},1,471,1,471,471,13,13,447,447,11,11
472,UP,1,1.0,442.5,442.5,442.5,0,False,False,{'ale.lives': 0},1,472,1,472,472,13,13,448,448,11,11
473,UP,1,1.0,443.5,443.5,443.5,0,False,False,{'ale.lives': 0},1,473,1,473,473,13,13,449,449,11,11
474,UP,1,1.0,444.5,444.5,444.5,0,False,False,{'ale.lives': 0},1,474,1,474,474,13,13,450,450,11,11
475,UP,1,1.0,445.5,445.5,445.5,0,False,False,{'ale.lives': 0},1,475,1,475,475,13,13,451,451,11,11
476,UP,1,1.0,446.5,446.5,446.5,0,False,False,{'ale.lives': 0},1,476,1,476,476,13,13,452,452,11,11
477,UP,1,1.0,447.5,447.5,447.5,0,False,False,{'ale.lives': 0},1,477,1,477,477,13,13,453,453,11,11
478,UP,1,1.0,448.5,448.5,448.5,0,False,False,{'ale.lives': 0},1,478,1,478,478,13,13,454,454,11,11
479,UP,1,1.0,449.5,449.5,449.5,0,False,False,{'ale.lives': 0},1,479,1,479,479,13,13,455,455,11,11
480,UP,1,1.0,450.5,450.5,450.5,0,False,False,{'ale.lives': 0},1,480,1,480,480,13,13,456,456,11,11
481,UP,1,1.0,451.5,451.5,451.5,0,False,False,{'ale.lives': 0},1,481,1,481,481,13,13,457,457,11,11
482,UP,1,1.0,452.5,452.5,452.5,0,False,False,{'ale.lives': 0},1,482,1,482,482,13,13,458,458,11,11
483,UP,1,1.0,453.5,453.5,453.5,0,False,False,{'ale.lives': 0},1,483,1,483,483,13,13,459,459,11,11
484,UP,1,1.0,454.5,454.5,454.5,0,False,False,{'ale.lives': 0},1,484,1,484,484,13,13,460,460,11,11
485,UP,1,1.0,455.5,455.5,455.5,0,False,False,{'ale.lives': 0},1,485,1,485,485,13,13,461,461,11,11
486,UP,1,1.0,456.5,456.5,456.5,0,False,False,{'ale.lives': 0},1,486,1,486,486,13,13,462,462,11,11
487,UP,1,1.0,457.5,457.5,457.5,0,False,False,{'ale.lives': 0},1,487,1,487,487,13,13,463,463,11,11
488,UP,1,1.0,458.5,458.5,458.5,0,False,False,{'ale.lives': 0},1,488,1,488,488,13,13,464,464,11,11
489,UP,1,1.0,459.5,459.5,459.5,0,False,False,{'ale.lives': 0},1,489,1,489,489,13,13,465,465,11,11
490,UP,1,1.0,460.5,460.5,460.5,0,False,False,{'ale.lives': 0},1,490,1,490,490,13,13,466,466,11,11
491,UP,1,1.0,461.5,461.5,461.5,0,False,False,{'ale.lives': 0},1,491,1,491,491,13,13,467,467,11,11
492,UP,1,1.0,462.5,462.5,462.5,0,False,False,{'ale.lives': 0},1,492,1,492,492,13,13,468,468,11,11
493,UP,1,1.0,463.5,463.5,463.5,0,False,False,{'ale.lives': 0},1,493,1,493,493,13,13,469,469,11,11
494,UP,1,1.0,464.5,464.5,464.5,0,False,False,{'ale.lives': 0},1,494,1,494,494,13,13,470,470,11,11
495,UP,1,1.0,465.5,465.5,465.5,0,False,False,{'ale.lives': 0},1,495,1,495,495,13,13,471,471,11,11
496,UP,1,1.0,466.5,466.5,466.5,0,False,False,{'ale.lives': 0},1,496,1,496,496,13,13,472,472,11,11
497,UP,1,1.0,467.5,467.5,467.5,0,False,False,{'ale.lives': 0},1,497,1,497,497,13,13,473,473,11,11
498,UP,1,1.0,468.5,468.5,468.5,0,False,False,{'ale.lives': 0},1,498,1,498,498,13,13,474,474,11,11
499,UP,1,1.0,469.5,469.5,469.5,0,False,False,{'ale.lives': 0},1,499,1,499,499,13,13,475,475,11,11
500,UP,1,1.0,470.5,470.5,470.5,0,False,False,{'ale.lives': 0},1,500,1,500,500,13,13,476,476,11,11
